{"Forest Area (ha)": {"max": 151392350, "min": 0}, "Nonforest Area (ha)": {"max": 69016925, "min": 422.4643707275391}, "Forest loss Yr-2012 (ha)": {"max": 1831017.653338247, "min": 0.2517389008357201}, "Forest C Yr-2012 (GgC)": {"max": 18604373.046875, "min": 0}, "Nonforest C Yr-2012 (GgC)": {"max": 5533621.58203125, "min": 1.843159087002277}, "Total C Yr-2012 (GgC)": {"max": 18699626.953125, "min": 217.4737900495529}, "Deforestation Emission Yr-2012 (GgC)": {"max": 163308.0139160156, "min": 0.0004078689528341783}, "Degradation Emission Yr-2012 (GgC)": {"max": 22665.27366638184, "min": 0}, "Fire Emission Yr-2012 (GgC)": {"max": 75905.38787841797, "min": 0}, "Removal Yr-2012 (tons C)": {"max": 193491241.4550781, "min": -492812255.859375}, "Forest loss Yr-2007 (ha)": {"max": 670351.5827888355, "min": 0}, "Forest C Yr-2007 (GgC)": {"max": 18634576.171875, "min": 0}, "Nonforest C Yr-2007 (GgC)": {"max": 5891478.02734375, "min": 0.2302464563399553}, "Total C Yr-2007 (GgC)": {"max": 18726980.46875, "min": 278.675377368927}, "Deforestation Emission Yr-2007 (GgC)": {"max": 79697.2885131836, "min": 0}, "Degradation Emission Yr-2007 (GgC)": {"max": 22442.45147705078, "min": 0}, "Fire Emission Yr-2007 (GgC)": {"max": 72791.58782958984, "min": 0}, "Removal Yr-2007 (tons C)": {"max": 157918106.0791016, "min": -414463928.2226562}, "Forest loss Yr-2002 (ha)": {"max": 1812518.570606736, "min": 0}, "Forest C Yr-2002 (GgC)": {"max": 18672517.578125, "min": 0}, "Nonforest C Yr-2002 (GgC)": {"max": 6054835.9375, "min": 1.885307719931006}, "Total C Yr-2002 (GgC)": {"max": 18762271.484375, "min": 376.3082325458527}, "Deforestation Emission Yr-2002 (GgC)": {"max": 101439.1021728516, "min": 0}, "Degradation Emission Yr-2002 (GgC)": {"max": 21229.58755493164, "min": 0}, "Fire Emission Yr-2002 (GgC)": {"max": 72279.75463867188, "min": 0}, "Removal Yr-2002 (tons C)": {"max": 185747009.2773438, "min": -867452087.4023438}, "Forest loss Yr-2017 (ha)": {"max": 1493038.371450802, "min": 0}, "Forest C Yr-2017 (GgC)": {"max": 18581718.75, "min": 0}, "Nonforest C Yr-2017 (GgC)": {"max": 5691937.5, "min": 1.522809267044067}, "Total C Yr-2017 (GgC)": {"max": 18684433.59375, "min": 412.7118587493896}, "Deforestation Emission Yr-2017 (GgC)": {"max": 224242.2332763672, "min": 0}, "Degradation Emission Yr-2017 (GgC)": {"max": 21311.34223937988, "min": 0}, "Fire Emission Yr-2017 (GgC)": {"max": 65320.03784179688, "min": 0}, "Removal Yr-2017 (tons C)": {"max": 237186508.1787109, "min": -242499618.5302734}, "Forest loss Yr-2008 (ha)": {"max": 704744.447629244, "min": 0}, "Forest C Yr-2008 (GgC)": {"max": 18652957.03125, "min": 0}, "Nonforest C Yr-2008 (GgC)": {"max": 5836444.3359375, "min": 0}, "Total C Yr-2008 (GgC)": {"max": 18745689.453125, "min": 212.4466001987457}, "Deforestation Emission Yr-2008 (GgC)": {"max": 95060.47058105469, "min": 0}, "Degradation Emission Yr-2008 (GgC)": {"max": 21649.68299865723, "min": 0}, "Fire Emission Yr-2008 (GgC)": {"max": 87295.15075683594, "min": 0}, "Removal Yr-2008 (tons C)": {"max": 262045654.296875, "min": -119744728.0883789}, "Forest loss Yr-2014 (ha)": {"max": 2124534.47794524, "min": 0}, "Forest C Yr-2014 (GgC)": {"max": 18580580.078125, "min": 0}, "Nonforest C Yr-2014 (GgC)": {"max": 5557847.65625, "min": 1.898365677334368}, "Total C Yr-2014 (GgC)": {"max": 18679556.640625, "min": 268.6856687068939}, "Deforestation Emission Yr-2014 (GgC)": {"max": 117959.7473144531, "min": 0}, "Degradation Emission Yr-2014 (GgC)": {"max": 21782.33528137207, "min": 0}, "Fire Emission Yr-2014 (GgC)": {"max": 89499.52697753906, "min": 0}, "Removal Yr-2014 (tons C)": {"max": 216823272.7050781, "min": -609387634.2773438}, "Forest loss Yr-2001 (ha)": {"max": 828900.5838457446, "min": 0}, "Forest C Yr-2001 (GgC)": {"max": 18695958.984375, "min": 0}, "Nonforest C Yr-2001 (GgC)": {"max": 5646182.12890625, "min": 1.899170223623514}, "Total C Yr-2001 (GgC)": {"max": 18785609.375, "min": 302.1362721920013}, "Deforestation Emission Yr-2001 (GgC)": {"max": 71607.60498046875, "min": 0}, "Degradation Emission Yr-2001 (GgC)": {"max": 21607.99217224121, "min": 0}, "Fire Emission Yr-2001 (GgC)": {"max": 70422.30987548828, "min": 0}, "Removal Yr-2001 (tons C)": {"max": 483185974.1210938, "min": -174990402.2216797}, "Forest loss Yr-2004 (ha)": {"max": 1322275.698570227, "min": 0}, "Forest C Yr-2004 (GgC)": {"max": 18721080.078125, "min": 0}, "Nonforest C Yr-2004 (GgC)": {"max": 5897355.95703125, "min": 0.3287782892584801}, "Total C Yr-2004 (GgC)": {"max": 18811619.140625, "min": 289.4904315471649}, "Deforestation Emission Yr-2004 (GgC)": {"max": 128701.7364501953, "min": 0}, "Degradation Emission Yr-2004 (GgC)": {"max": 21699.8462677002, "min": 0}, "Fire Emission Yr-2004 (GgC)": {"max": 80554.37469482422, "min": 0}, "Removal Yr-2004 (tons C)": {"max": 80832855.22460938, "min": -328598541.2597656}, "Forest loss Yr-2018 (ha)": {"max": 2228442.317715163, "min": 0}, "Forest C Yr-2018 (GgC)": {"max": 18628087.890625, "min": 0}, "Nonforest C Yr-2018 (GgC)": {"max": 5702624.51171875, "min": 1.520406338386238}, "Total C Yr-2018 (GgC)": {"max": 18731300.78125, "min": 376.2105107307434}, "Deforestation Emission Yr-2018 (GgC)": {"max": 145015.0146484375, "min": 0}, "Degradation Emission Yr-2018 (GgC)": {"max": 21273.47373962402, "min": 0}, "Fire Emission Yr-2018 (GgC)": {"max": 73047.76000976562, "min": 0}, "Removal Yr-2018 (tons C)": {"max": 302469665.5273438, "min": -339921966.5527344}, "Forest loss Yr-2011 (ha)": {"max": 943817.4137743914, "min": 0}, "Forest C Yr-2011 (GgC)": {"max": 18656078.125, "min": 0}, "Nonforest C Yr-2011 (GgC)": {"max": 5526084.47265625, "min": 0}, "Total C Yr-2011 (GgC)": {"max": 18750593.75, "min": 214.2869532108307}, "Deforestation Emission Yr-2011 (GgC)": {"max": 71243.08013916016, "min": 0}, "Degradation Emission Yr-2011 (GgC)": {"max": 21999.84169006348, "min": 0}, "Fire Emission Yr-2011 (GgC)": {"max": 89246.26159667969, "min": 0}, "Removal Yr-2011 (tons C)": {"max": 426553070.0683594, "min": -340863739.0136719}, "Forest loss Yr-2016 (ha)": {"max": 1837357.172965571, "min": 0}, "Forest C Yr-2016 (GgC)": {"max": 18504675.78125, "min": 0}, "Nonforest C Yr-2016 (GgC)": {"max": 5605941.40625, "min": 1.877243281342089}, "Total C Yr-2016 (GgC)": {"max": 18605923.828125, "min": 372.1596896648407}, "Deforestation Emission Yr-2016 (GgC)": {"max": 267260.7116699219, "min": 0}, "Degradation Emission Yr-2016 (GgC)": {"max": 22181.79130554199, "min": 0}, "Fire Emission Yr-2016 (GgC)": {"max": 85954.96368408203, "min": 0}, "Removal Yr-2016 (tons C)": {"max": 68669754.02832031, "min": -349320373.5351562}, "Forest loss Yr-2003 (ha)": {"max": 1474586.314380282, "min": 0}, "Forest C Yr-2003 (GgC)": {"max": 18691482.421875, "min": 0}, "Nonforest C Yr-2003 (GgC)": {"max": 5989022.94921875, "min": 0}, "Total C Yr-2003 (GgC)": {"max": 18781347.65625, "min": 303.84162068367}, "Deforestation Emission Yr-2003 (GgC)": {"max": 103860.2981567383, "min": 0}, "Degradation Emission Yr-2003 (GgC)": {"max": 21958.04595947266, "min": 0}, "Fire Emission Yr-2003 (GgC)": {"max": 80594.84100341797, "min": 0}, "Removal Yr-2003 (tons C)": {"max": 169731567.3828125, "min": -317090148.9257812}, "Forest loss Yr-2006 (ha)": {"max": 765866.7569534262, "min": 0}, "Forest C Yr-2006 (GgC)": {"max": 18722091.796875, "min": 0}, "Nonforest C Yr-2006 (GgC)": {"max": 5980035.64453125, "min": 0.004434718903212342}, "Total C Yr-2006 (GgC)": {"max": 18812888.671875, "min": 276.8464684486389}, "Deforestation Emission Yr-2006 (GgC)": {"max": 94859.94720458984, "min": 0}, "Degradation Emission Yr-2006 (GgC)": {"max": 22038.4464263916, "min": 0}, "Fire Emission Yr-2006 (GgC)": {"max": 66158.06579589844, "min": 0}, "Removal Yr-2006 (tons C)": {"max": 217918991.0888672, "min": -375337280.2734375}, "Forest loss Yr-2013 (ha)": {"max": 1844949.933948941, "min": 0.07322836091342233}, "Forest C Yr-2013 (GgC)": {"max": 18655083.984375, "min": 0}, "Nonforest C Yr-2013 (GgC)": {"max": 5215493.1640625, "min": 1.889235805720091},