{"Nonforest Area (ha)": {"max": 257963125, "min": 12700.9880065918}, "Forest loss Yr-2007 (ha)": {"max": 2829743.161776659, "min": 0}, "Forest C Yr-2007 (TgC)": {"max": 46869.1484375, "min": 0}, "Nonforest C Yr-2007 (TgC)": {"max": 18632.306640625, "min": 0.7964575290679932}, "Total C Yr-2007 (TgC)": {"max": 55725.80859375, "min": 4.150541305541992}, "Deforestation Emission Yr-2007 (TgC)": {"max": 223.2189483642578, "min": 0}, "Degradation Emission Yr-2007 (TgC)": {"max": 73.06415557861328, "min": 0}, "Fire Emission Yr-2007 (TgC)": {"max": 305.5800170898438, "min": 0}, "Removal Yr-2007 (tons C)": {"max": 117919967.6513672, "min": -1920826293.945312}, "Forest loss Yr-2012 (ha)": {"max": 6302836.481756436, "min": 28.68333691668175}, "Forest C Yr-2012 (TgC)": {"max": 46544.69921875, "min": 0}, "Nonforest C Yr-2012 (TgC)": {"max": 17547.083984375, "min": 0.8320969343185425}, "Total C Yr-2012 (TgC)": {"max": 54781.17578125, "min": 4.200247764587402}, "Deforestation Emission Yr-2012 (TgC)": {"max": 510.9105224609375, "min": 0.0001415678270859644}, "Degradation Emission Yr-2012 (TgC)": {"max": 74.6019058227539, "min": 0}, "Fire Emission Yr-2012 (TgC)": {"max": 223.7284545898438, "min": 0}, "Removal Yr-2012 (tons C)": {"max": 79805458.06884766, "min": -1030697265.625}, "Forest loss Yr-2015 (ha)": {"max": 2907436.154841121, "min": 0}, "Forest C Yr-2015 (TgC)": {"max": 46207.01953125, "min": 0}, "Nonforest C Yr-2015 (TgC)": {"max": 17576.529296875, "min": 0.9448562860488892}, "Total C Yr-2015 (TgC)": {"max": 55159.4140625, "min": 4.49495267868042}, "Deforestation Emission Yr-2015 (TgC)": {"max": 240.9211883544922, "min": 0}, "Degradation Emission Yr-2015 (TgC)": {"max": 69.00074005126953, "min": 0}, "Fire Emission Yr-2015 (TgC)": {"max": 250.2320251464844, "min": 0}, "Removal Yr-2015 (tons C)": {"max": 95168800.3540039, "min": -748978210.4492188}, "Forest loss Yr-2014 (ha)": {"max": 5354313.826551007, "min": 7.294999119984287}, "Forest C Yr-2014 (TgC)": {"max": 46656.62109375, "min": 0}, "Nonforest C Yr-2014 (TgC)": {"max": 17568.4765625, "min": 0.8600711226463318}, "Total C Yr-2014 (TgC)": {"max": 54902.16015625, "min": 4.284502983093262}, "Deforestation Emission Yr-2014 (TgC)": {"max": 403.9400024414062, "min": 8.804920071270317e-05}, "Degradation Emission Yr-2014 (TgC)": {"max": 70.75762176513672, "min": 0}, "Fire Emission Yr-2014 (TgC)": {"max": 247.3895568847656, "min": 0}, "Removal Yr-2014 (tons C)": {"max": 467992095.9472656, "min": -1334182373.046875}, "Forest loss Yr-2013 (ha)": {"max": 5889435.434384281, "min": 12.04600224492137}, "Forest C Yr-2013 (TgC)": {"max": 46906.2578125, "min": 0}, "Nonforest C Yr-2013 (TgC)": {"max": 17245.140625, "min": 0.72087562084198}, "Total C Yr-2013 (TgC)": {"max": 54603.4609375, "min": 3.69122314453125}, "Deforestation Emission Yr-2013 (TgC)": {"max": 503.5078735351562, "min": 0.0001148550509242341}, "Degradation Emission Yr-2013 (TgC)": {"max": 68.85247802734375, "min": 0}, "Fire Emission Yr-2013 (TgC)": {"max": 247.9058685302734, "min": 0}, "Removal Yr-2013 (tons C)": {"max": 251346221.9238281, "min": -820834594.7265625}, "Forest loss Yr-2006 (ha)": {"max": 3078603.690970885, "min": 5.202961269274509}, "Forest C Yr-2006 (TgC)": {"max": 47327.07421875, "min": 0}, "Nonforest C Yr-2006 (TgC)": {"max": 18577.517578125, "min": 0.7981913089752197}, "Total C Yr-2006 (TgC)": {"max": 54919.3984375, "min": 4.051217079162598}, "Deforestation Emission Yr-2006 (TgC)": {"max": 272.1458740234375, "min": 4.365110362414271e-05}, "Degradation Emission Yr-2006 (TgC)": {"max": 73.47357177734375, "min": 0}, "Fire Emission Yr-2006 (TgC)": {"max": 296.9201049804688, "min": 0}, "Removal Yr-2006 (tons C)": {"max": 192317764.2822266, "min": -697963134.765625}, "Forest loss Yr-2001 (ha)": {"max": 2916052.956820779, "min": 15.64634601411869}, "Forest C Yr-2001 (TgC)": {"max": 47764.26171875, "min": 0}, "Nonforest C Yr-2001 (TgC)": {"max": 18052.07421875, "min": 0.746097981929779}, "Total C Yr-2001 (TgC)": {"max": 55258.6796875, "min": 3.959705114364624}, "Deforestation Emission Yr-2001 (TgC)": {"max": 228.2197570800781, "min": 0.0001003001962089911}, "Degradation Emission Yr-2001 (TgC)": {"max": 68.11779022216797, "min": 0}, "Fire Emission Yr-2001 (TgC)": {"max": 280.40966796875, "min": 0}, "Removal Yr-2001 (tons C)": {"max": 456142761.2304688, "min": -544665405.2734375}, "Forest loss Yr-2019 (ha)": {"max": 4841903.592242062, "min": 0}, "Forest C Yr-2019 (TgC)": {"max": 47171.15234375, "min": 0}, "Nonforest C Yr-2019 (TgC)": {"max": 18214.3828125, "min": 0.8802557587623596}, "Total C Yr-2019 (TgC)": {"max": 54994.46875, "min": 4.243252277374268}, "Deforestation Emission Yr-2019 (TgC)": {"max": 391.7591857910156, "min": 0}, "Degradation Emission Yr-2019 (TgC)": {"max": 73.54304504394531, "min": 0}, "Fire Emission Yr-2019 (TgC)": {"max": 235.3531036376953, "min": 0}, "Removal Yr-2019 (tons C)": {"max": 588492797.8515625, "min": -1156676391.601562}, "Forest loss Yr-2018 (ha)": {"max": 6621949.096465349, "min": 0}, "Forest C Yr-2018 (TgC)": {"max": 46641.125, "min": 0}, "Nonforest C Yr-2018 (TgC)": {"max": 18172.337890625, "min": 0.758590042591095}, "Total C Yr-2018 (TgC)": {"max": 55125.0703125, "min": 3.888161897659302}, "Deforestation Emission Yr-2018 (TgC)": {"max": 527.5335083007812, "min": 0}, "Degradation Emission Yr-2018 (TgC)": {"max": 70.06912994384766, "min": 0}, "Fire Emission Yr-2018 (TgC)": {"max": 230.5170440673828, "min": 0}, "Removal Yr-2018 (tons C)": {"max": 125952590.9423828, "min": -872209472.65625}, "Forest loss Yr-2008 (ha)": {"max": 3344649.790170185, "min": 3.3774323338242}, "Forest C Yr-2008 (TgC)": {"max": 46837.28515625, "min": 0}, "Nonforest C Yr-2008 (TgC)": {"max": 18420.541015625, "min": 0.8125394582748413}, "Total C Yr-2008 (TgC)": {"max": 55149.42578125, "min": 4.172161102294922}, "Deforestation Emission Yr-2008 (TgC)": {"max": 238.8246612548828, "min": 2.686580046429299e-05}, "Degradation Emission Yr-2008 (TgC)": {"max": 71.29814910888672, "min": 0}, "Fire Emission Yr-2008 (TgC)": {"max": 341.0127868652344, "min": 0}, "Removal Yr-2008 (tons C)": {"max": 363773956.2988281, "min": -367022216.796875}, "Forest loss Yr-2009 (ha)": {"max": 2475070.007724821, "min": 6.167865522617212}, "Forest C Yr-2009 (TgC)": {"max": 47217.48046875, "min": 0}, "Nonforest C Yr-2009 (TgC)": {"max": 17924.5234375, "min": 0.84819096326828}, "Total C Yr-2009 (TgC)": {"max": 55128.89453125, "min": 4.18375301361084}, "Deforestation Emission Yr-2009 (TgC)": {"max": 170.4357452392578, "min": 5.262218837742694e-05}, "Degradation Emission Yr-2009 (TgC)": {"max": 74.41754150390625, "min": 0}, "Fire Emission Yr-2009 (TgC)": {"max": 245.0650634765625, "min": 0}, "Removal Yr-2009 (tons C)": {"max": 465835540.7714844, "min": -1122204467.773438}, "Forest loss Yr-2011 (ha)": {"max": 3606465.317083256, "min": 3.385290192705383}, "Forest C Yr-2011 (TgC)": {"max": 46802.16015625, "min": 0}, "Nonforest C Yr-2011 (TgC)": {"max": 17660.958984375, "min": 0.790900468826294}, "Total C Yr-2011 (TgC)": {"max": 54719.859375, "min": 4.025699138641357}, "Deforestation Emission Yr-2011 (TgC)": {"max": 256.6402893066406, "min": 1.556249117129482e-05}, "Degradation Emission Yr-2011 (TgC)": {"max": 72.42637634277344, "min": 0}, "Fire Emission Yr-2011 (TgC)": {"max": 300.0082092285156, "min": 0}, "Removal Yr-2011 (tons C)": {"max": 938291564.9414062, "min": -1031494384.765625}, "Forest loss Yr-2016 (ha)": {"max": 6365150.507012387, "min": 0}, "Forest C Yr-2016 (TgC)": {"max": 46166.984375, "min": 0}, "Nonforest C Yr-2016 (TgC)": {"max": 17822.474609375, "min": 0.8616169691085815}, "Total C Yr-2016 (TgC)": {"max": 55663.04296875, "min": 4.246551513671875}, "Deforestation Emission Yr-2016 (TgC)": {"max": 671.2031860351562, "min": 0}, "Degradation Emission Yr-2016 (TgC)": {"max": 69.99396514892578, "min": 0}, "Fire Emission Yr-2016 (TgC)": {"max": 291.4126586914062, "min": 0}, "Removal Yr-2016 (tons C)": {"max": 52294982.91015625, "min": -1098389404.296875},